type,Mã trạm/LakeCode,Trạm/Hồ,Tên sông/Lưu vực,Tên tỉnh,Thời gian (UTC),Mực nước (m),Cảnh báo/Xu thế,alert_value,alert_diff_m,bd1_m,bd2_m,bd3_m,hist_flood_level_m,hist_flood_year,x,y,Dung tích (m3),design_volume_m3,volume_percent,Q đến (m3/s),Q xả (m3/s),normal_level_m,reinforced_level_m,alert_code
Lake,CC907CCC-DE55-4D62-A3A1-54CDE3FA1925,Am Chúa,Cái,Khánh Hòa,2025-11-15 07:00,33.66,Xuong,,,,,,,,109.09640549509302,12.315881093048292,3.51107979,4.73,74.23001,,,35.5,,01
Lake,CC907CCC-DE55-4D62-A3A1-54CDE3FA1925,Am Chúa,Cái,Khánh Hòa,2025-11-15 07:00,33.66,Xuong,,,,,,,,109.09640549509302,12.315881093048292,3.51107979,4.73,74.23001,,,35.5,,01
Lake,CC907CCC-DE55-4D62-A3A1-54CDE3FA1925,Am Chúa,Cái,Khánh Hòa,2025-11-17 07:00,34.4,Len,,,,,,,,109.09640549509302,12.315881093048292,3.974601,4.73,84.0296249,,,35.5,,01
Lake,CC907CCC-DE55-4D62-A3A1-54CDE3FA1925,Am Chúa,Cái,Khánh Hòa,2025-11-17 07:00,34.4,Len,,,,,,,,109.09640549509302,12.315881093048292,3.974601,4.73,84.0296249,,,35.5,,01
Lake,CC907CCC-DE55-4D62-A3A1-54CDE3FA1925,Am Chúa,Cái,Khánh Hòa,2025-11-17 07:00,34.4,Len,,,,,,,,109.09640549509302,12.315881093048292,3.974601,4.73,84.0296249,,,35.5,,01
Lake,CC907CCC-DE55-4D62-A3A1-54CDE3FA1925,Am Chúa,Cái,Khánh Hòa,2025-11-17 07:00,34.4,Len,,,,,,,,109.09640549509302,12.315881093048292,3.974601,4.73,84.0296249,,,35.5,,01
Lake,8ECDCB6D-7906-4E7F-BC43-1D0168F4F9F8,Suối Dầu,Cái,Khánh Hòa,2025-11-15 07:00,41.26,Xuong,,,,,,,,109.05106625134071,12.152222576781432,28.7463951,32.78,87.69492,,,42.5,43.47,01
Lake,8ECDCB6D-7906-4E7F-BC43-1D0168F4F9F8,Suối Dầu,Cái,Khánh Hòa,2025-11-15 07:00,41.26,Xuong,,,,,,,,109.05106625134071,12.152222576781432,28.7463951,32.78,87.69492,,,42.5,43.47,01
Lake,8ECDCB6D-7906-4E7F-BC43-1D0168F4F9F8,Suối Dầu,Cái,Khánh Hòa,2025-11-17 07:00,40.84,Xuong,,,,,,,,109.05106625134071,12.152222576781432,27.451601,32.78,83.74497,,,42.5,43.47,01
Lake,8ECDCB6D-7906-4E7F-BC43-1D0168F4F9F8,Suối Dầu,Cái,Khánh Hòa,2025-11-17 07:00,40.84,Xuong,,,,,,,,109.05106625134071,12.152222576781432,27.451601,32.78,83.74497,,,42.5,43.47,01
Lake,8ECDCB6D-7906-4E7F-BC43-1D0168F4F9F8,Suối Dầu,Cái,Khánh Hòa,2025-11-17 07:00,40.84,Xuong,,,,,,,,109.05106625134071,12.152222576781432,27.451601,32.78,83.74497,,,42.5,43.47,01
Lake,8ECDCB6D-7906-4E7F-BC43-1D0168F4F9F8,Suối Dầu,Cái,Khánh Hòa,2025-11-17 07:00,40.84,Xuong,,,,,,,,109.05106625134071,12.152222576781432,27.451601,32.78,83.74497,,,42.5,43.47,01
River,71566,Ninh Hoà,Cái,Khánh Hòa,2025-11-15 01:00,2.53,Dưới BĐ1,0.0,-1.67,4.2,5.0,5.7,6.58,1986,109.13300323486328,12.5,,,,,,,,
River,71566,Ninh Hoà,Cái,Khánh Hòa,2025-11-15 07:00,2.55,Dưới BĐ1,0.0,-1.65,4.2,5.0,5.7,6.58,1986,109.13300323486328,12.5,,,,,,,,
River,71566,Ninh Hoà,Cái,Khánh Hòa,2025-11-15 13:00,2.63,Dưới BĐ1,0.0,-1.57,4.2,5.0,5.7,6.58,1986,109.13300323486328,12.5,,,,,,,,
River,71566,Ninh Hoà,Cái,Khánh Hòa,2025-11-15 19:00,2.7,Dưới BĐ1,0.0,-1.5,4.2,5.0,5.7,6.58,1986,109.13300323486328,12.5,,,,,,,,
River,71566,Ninh Hoà,Cái,Khánh Hòa,2025-11-16 01:00,3.06,Dưới BĐ1,0.0,-1.14,4.2,5.0,5.7,6.58,1986,109.13300323486328,12.5,,,,,,,,
River,71566,Ninh Hoà,Cái,Khánh Hòa,2025-11-16 04:00,3.26,Dưới BĐ1,0.0,-0.94,4.2,5.0,5.7,6.58,1986,109.13300323486328,12.5,,,,,,,,
River,71566,Ninh Hoà,Cái,Khánh Hòa,2025-11-16 07:00,3.4,Dưới BĐ1,0.0,-0.8,4.2,5.0,5.7,6.58,1986,109.13300323486328,12.5,,,,,,,,
River,71566,Ninh Hoà,Cái,Khánh Hòa,2025-11-16 10:00,3.57,Dưới BĐ1,0.0,-0.63,4.2,5.0,5.7,6.58,1986,109.13300323486328,12.5,,,,,,,,
River,71566,Ninh Hoà,Cái,Khánh Hòa,2025-11-16 13:00,3.75,Dưới BĐ1,0.0,-0.45,4.2,5.0,5.7,6.58,1986,109.13300323486328,12.5,,,,,,,,
River,71566,Ninh Hoà,Cái,Khánh Hòa,2025-11-17 01:00,4.13,Dưới BĐ1,0.0,-0.07,4.2,5.0,5.7,6.58,1986,109.13300323486328,12.5,,,,,,,,
River,71566,Ninh Hoà,Cái,Khánh Hòa,2025-11-17 04:00,4.17,Dưới BĐ1,0.0,-0.03,4.2,5.0,5.7,6.58,1986,109.13300323486328,12.5,,,,,,,,
River,71566,Ninh Hoà,Cái,Khánh Hòa,2025-11-17 07:00,4.19,Dưới BĐ1,0.0,-0.01,4.2,5.0,5.7,6.58,1986,109.13300323486328,12.5,,,,,,,,
River,71566,Ninh Hoà,Cái,Khánh Hòa,2025-11-17 10:00,4.19,Dưới BĐ1,0.0,-0.01,4.2,5.0,5.7,6.58,1986,109.13300323486328,12.5,,,,,,,,
River,71566,Ninh Hoà,Cái,Khánh Hòa,2025-11-17 13:00,4.31,Trên BĐ1,1.0,0.11,4.2,5.0,5.7,6.58,1986,109.13300323486328,12.5,,,,,,,,
River,71566,Ninh Hoà,Cái,Khánh Hòa,2025-11-17 15:00,4.6,Trên BĐ1,1.0,0.4,4.2,5.0,5.7,6.58,1986,109.13300323486328,12.5,,,,,,,,
River,71566,Ninh Hoà,Cái,Khánh Hòa,2025-11-17 17:00,4.93,Trên BĐ1,1.0,0.73,4.2,5.0,5.7,6.58,1986,109.13300323486328,12.5,,,,,,,,
River,71566,Ninh Hoà,Cái,Khánh Hòa,2025-11-17 19:00,5.22,Trên BĐ2,2.0,0.22,4.2,5.0,5.7,6.58,1986,109.13300323486328,12.5,,,,,,,,
River,71566,Ninh Hoà,Cái,Khánh Hòa,2025-11-17 21:00,5.37,Trên BĐ2,2.0,0.37,4.2,5.0,5.7,6.58,1986,109.13300323486328,12.5,,,,,,,,
River,71566,Ninh Hoà,Cái,Khánh Hòa,2025-11-17 22:00,5.4,Trên BĐ2,2.0,0.4,4.2,5.0,5.7,6.58,1986,109.13300323486328,12.5,,,,,,,,
River,71566,Ninh Hoà,Cái,Khánh Hòa,2025-11-17 23:00,5.41,Trên BĐ2,2.0,0.41,4.2,5.0,5.7,6.58,1986,109.13300323486328,12.5,,,,,,,,
River,71566,Ninh Hoà,Cái,Khánh Hòa,2025-11-18 01:00,5.32,Trên BĐ2,2.0,0.32,4.2,5.0,5.7,6.58,1986,109.13300323486328,12.5,,,,,,,,
River,71566,Ninh Hoà,Cái,Khánh Hòa,2025-11-18 02:00,5.23,Trên BĐ2,2.0,0.23,4.2,5.0,5.7,6.58,1986,109.13300323486328,12.5,,,,,,,,
River,71566,Ninh Hoà,Cái,Khánh Hòa,2025-11-18 03:00,5.06,Trên BĐ2,2.0,0.06,4.2,5.0,5.7,6.58,1986,109.13300323486328,12.5,,,,,,,,
River,71566,Ninh Hoà,Cái,Khánh Hòa,2025-11-18 04:00,4.89,Trên BĐ1,1.0,0.69,4.2,5.0,5.7,6.58,1986,109.13300323486328,12.5,,,,,,,,
River,71566,Ninh Hoà,Cái,Khánh Hòa,2025-11-18 05:00,4.72,Trên BĐ1,1.0,0.52,4.2,5.0,5.7,6.58,1986,109.13300323486328,12.5,,,,,,,,
River,71566,Ninh Hoà,Cái,Khánh Hòa,2025-11-18 06:00,4.57,Trên BĐ1,1.0,0.37,4.2,5.0,5.7,6.58,1986,109.13300323486328,12.5,,,,,,,,
River,71566,Ninh Hoà,Cái,Khánh Hòa,2025-11-18 07:00,4.49,Trên BĐ1,1.0,0.29,4.2,5.0,5.7,6.58,1986,109.13300323486328,12.5,,,,,,,,
River,71566,Ninh Hoà,Cái,Khánh Hòa,2025-11-18 08:00,4.42,Trên BĐ1,1.0,0.22,4.2,5.0,5.7,6.58,1986,109.13300323486328,12.5,,,,,,,,
River,71566,Ninh Hoà,Cái,Khánh Hòa,2025-11-18 09:00,4.25,Trên BĐ1,1.0,0.05,4.2,5.0,5.7,6.58,1986,109.13300323486328,12.5,,,,,,,,
River,71566,Ninh Hoà,Cái,Khánh Hòa,2025-11-18 10:00,4.21,Trên BĐ1,1.0,0.01,4.2,5.0,5.7,6.58,1986,109.13300323486328,12.5,,,,,,,,
River,71566,Ninh Hoà,Cái,Khánh Hòa,2025-11-18 11:00,4.18,Dưới BĐ1,0.0,-0.02,4.2,5.0,5.7,6.58,1986,109.13300323486328,12.5,,,,,,,,
River,71566,Ninh Hoà,Cái,Khánh Hòa,2025-11-18 12:00,4.15,Dưới BĐ1,0.0,-0.05,4.2,5.0,5.7,6.58,1986,109.13300323486328,12.5,,,,,,,,
River,71566,Ninh Hoà,Cái,Khánh Hòa,2025-11-18 13:00,4.09,Dưới BĐ1,0.0,-0.11,4.2,5.0,5.7,6.58,1986,109.13300323486328,12.5,,,,,,,,
River,71566,Ninh Hoà,Cái,Khánh Hòa,2025-11-18 14:00,4.02,Dưới BĐ1,0.0,-0.18,4.2,5.0,5.7,6.58,1986,109.13300323486328,12.5,,,,,,,,
River,71566,Ninh Hoà,Cái,Khánh Hòa,2025-11-18 15:00,4.03,Dưới BĐ1,0.0,-0.17,4.2,5.0,5.7,6.58,1986,109.13300323486328,12.5,,,,,,,,
River,71566,Ninh Hoà,Cái,Khánh Hòa,2025-11-18 16:00,4.06,Dưới BĐ1,0.0,-0.14,4.2,5.0,5.7,6.58,1986,109.13300323486328,12.5,,,,,,,,
River,71566,Ninh Hoà,Cái,Khánh Hòa,2025-11-18 17:00,4.17,Dưới BĐ1,0.0,-0.03,4.2,5.0,5.7,6.58,1986,109.13300323486328,12.5,,,,,,,,
River,71566,Ninh Hoà,Cái,Khánh Hòa,2025-11-18 18:00,4.38,Trên BĐ1,1.0,0.18,4.2,5.0,5.7,6.58,1986,109.13300323486328,12.5,,,,,,,,
River,71566,Ninh Hoà,Cái,Khánh Hòa,2025-11-18 19:00,4.78,Trên BĐ1,1.0,0.58,4.2,5.0,5.7,6.58,1986,109.13300323486328,12.5,,,,,,,,
River,71566,Ninh Hoà,Cái,Khánh Hòa,2025-11-18 20:00,5.06,Trên BĐ2,2.0,0.06,4.2,5.0,5.7,6.58,1986,109.13300323486328,12.5,,,,,,,,
River,71566,Ninh Hoà,Cái,Khánh Hòa,2025-11-18 21:00,5.32,Trên BĐ2,2.0,0.32,4.2,5.0,5.7,6.58,1986,109.13300323486328,12.5,,,,,,,,
River,71566,Ninh Hoà,Cái,Khánh Hòa,2025-11-18 22:00,5.45,Trên BĐ2,2.0,0.45,4.2,5.0,5.7,6.58,1986,109.13300323486328,12.5,,,,,,,,
River,71566,Ninh Hoà,Cái,Khánh Hòa,2025-11-18 23:00,5.54,Trên BĐ2,2.0,0.54,4.2,5.0,5.7,6.58,1986,109.13300323486328,12.5,,,,,,,,
River,71566,Ninh Hoà,Cái,Khánh Hòa,2025-11-19 01:00,5.66,Trên BĐ2,2.0,0.66,4.2,5.0,5.7,6.58,1986,109.13300323486328,12.5,,,,,,,,
River,71566,Ninh Hoà,Cái,Khánh Hòa,2025-11-19 02:00,5.68,Trên BĐ2,2.0,0.68,4.2,5.0,5.7,6.58,1986,109.13300323486328,12.5,,,,,,,,
River,71566,Ninh Hoà,Cái,Khánh Hòa,2025-11-19 03:00,5.69,Trên BĐ2,2.0,0.69,4.2,5.0,5.7,6.58,1986,109.13300323486328,12.5,,,,,,,,
River,71566,Ninh Hoà,Cái,Khánh Hòa,2025-11-19 04:00,5.71,Trên BĐ3,3.0,0.01,4.2,5.0,5.7,6.58,1986,109.13300323486328,12.5,,,,,,,,
River,71566,Ninh Hoà,Cái,Khánh Hòa,2025-11-19 05:00,5.71,Trên BĐ3,3.0,0.01,4.2,5.0,5.7,6.58,1986,109.13300323486328,12.5,,,,,,,,
River,71566,Ninh Hoà,Cái,Khánh Hòa,2025-11-19 06:00,5.71,Trên BĐ3,3.0,0.01,4.2,5.0,5.7,6.58,1986,109.13300323486328,12.5,,,,,,,,
River,71566,Ninh Hoà,Cái,Khánh Hòa,2025-11-19 07:00,5.77,Trên BĐ3,3.0,0.07,4.2,5.0,5.7,6.58,1986,109.13300323486328,12.5,,,,,,,,
River,71566,Ninh Hoà,Cái,Khánh Hòa,2025-11-19 08:00,5.83,Trên BĐ3,3.0,0.13,4.2,5.0,5.7,6.58,1986,109.13300323486328,12.5,,,,,,,,
River,71566,Ninh Hoà,Cái,Khánh Hòa,2025-11-19 09:00,5.87,Trên BĐ3,3.0,0.17,4.2,5.0,5.7,6.58,1986,109.13300323486328,12.5,,,,,,,,
River,71566,Ninh Hoà,Cái,Khánh Hòa,2025-11-19 10:00,5.97,Trên BĐ3,3.0,0.27,4.2,5.0,5.7,6.58,1986,109.13300323486328,12.5,,,,,,,,
River,71566,Ninh Hoà,Cái,Khánh Hòa,2025-11-19 11:00,6.06,Trên BĐ3,3.0,0.36,4.2,5.0,5.7,6.58,1986,109.13300323486328,12.5,,,,,,,,
River,71566,Ninh Hoà,Cái,Khánh Hòa,2025-11-19 12:00,6.17,Trên BĐ3,3.0,0.47,4.2,5.0,5.7,6.58,1986,109.13300323486328,12.5,,,,,,,,
River,71566,Ninh Hoà,Cái,Khánh Hòa,2025-11-19 13:00,6.29,Trên BĐ3,3.0,0.59,4.2,5.0,5.7,6.58,1986,109.13300323486328,12.5,,,,,,,,
River,71566,Ninh Hoà,Cái,Khánh Hòa,2025-11-19 14:00,6.34,Trên BĐ3,3.0,0.64,4.2,5.0,5.7,6.58,1986,109.13300323486328,12.5,,,,,,,,
River,71566,Ninh Hoà,Cái,Khánh Hòa,2025-11-19 15:00,6.39,Trên BĐ3,3.0,0.69,4.2,5.0,5.7,6.58,1986,109.13300323486328,12.5,,,,,,,,
River,71566,Ninh Hoà,Cái,Khánh Hòa,2025-11-19 16:00,6.45,Trên BĐ3,3.0,0.75,4.2,5.0,5.7,6.58,1986,109.13300323486328,12.5,,,,,,,,
River,71566,Ninh Hoà,Cái,Khánh Hòa,2025-11-19 17:00,6.48,Trên BĐ3,3.0,0.78,4.2,5.0,5.7,6.58,1986,109.13300323486328,12.5,,,,,,,,
River,71566,Ninh Hoà,Cái,Khánh Hòa,2025-11-19 18:00,6.5,Trên BĐ3,3.0,0.8,4.2,5.0,5.7,6.58,1986,109.13300323486328,12.5,,,,,,,,
River,71566,Ninh Hoà,Cái,Khánh Hòa,2025-11-19 19:00,6.5,Trên BĐ3,3.0,0.8,4.2,5.0,5.7,6.58,1986,109.13300323486328,12.5,,,,,,,,
River,71566,Ninh Hoà,Cái,Khánh Hòa,2025-11-19 20:00,6.51,Trên BĐ3,3.0,0.81,4.2,5.0,5.7,6.58,1986,109.13300323486328,12.5,,,,,,,,
River,71566,Ninh Hoà,Cái,Khánh Hòa,2025-11-19 22:00,6.57,Trên BĐ3,3.0,0.87,4.2,5.0,5.7,6.58,1986,109.13300323486328,12.5,,,,,,,,
River,71566,Ninh Hoà,Cái,Khánh Hòa,2025-11-19 23:00,6.59,Trên lũ lịch sử,4.0,0.01,4.2,5.0,5.7,6.58,1986,109.13300323486328,12.5,,,,,,,,
River,71566,Ninh Hoà,Cái,Khánh Hòa,2025-11-20 01:00,6.62,Trên lũ lịch sử,4.0,0.04,4.2,5.0,5.7,6.58,1986,109.13300323486328,12.5,,,,,,,,
River,71566,Ninh Hoà,Cái,Khánh Hòa,2025-11-20 02:00,6.63,Trên lũ lịch sử,4.0,0.05,4.2,5.0,5.7,6.58,1986,109.13300323486328,12.5,,,,,,,,
River,71566,Ninh Hoà,Cái,Khánh Hòa,2025-11-20 03:00,6.63,Trên lũ lịch sử,4.0,0.05,4.2,5.0,5.7,6.58,1986,109.13300323486328,12.5,,,,,,,,
River,71566,Ninh Hoà,Cái,Khánh Hòa,2025-11-20 04:00,6.64,Trên lũ lịch sử,4.0,0.06,4.2,5.0,5.7,6.58,1986,109.13300323486328,12.5,,,,,,,,
River,71566,Ninh Hoà,Cái,Khánh Hòa,2025-11-20 05:00,6.66,Trên lũ lịch sử,4.0,0.08,4.2,5.0,5.7,6.58,1986,109.13300323486328,12.5,,,,,,,,
River,71566,Ninh Hoà,Cái,Khánh Hòa,2025-11-20 06:00,6.68,Trên lũ lịch sử,4.0,0.1,4.2,5.0,5.7,6.58,1986,109.13300323486328,12.5,,,,,,,,
River,71566,Ninh Hoà,Cái,Khánh Hòa,2025-11-20 07:00,6.7,Trên lũ lịch sử,4.0,0.12,4.2,5.0,5.7,6.58,1986,109.13300323486328,12.5,,,,,,,,
River,71566,Ninh Hoà,Cái,Khánh Hòa,2025-11-20 08:00,6.72,Trên lũ lịch sử,4.0,0.14,4.2,5.0,5.7,6.58,1986,109.13300323486328,12.5,,,,,,,,
River,71566,Ninh Hoà,Cái,Khánh Hòa,2025-11-20 09:00,6.73,Trên lũ lịch sử,4.0,0.15,4.2,5.0,5.7,6.58,1986,109.13300323486328,12.5,,,,,,,,
River,71566,Ninh Hoà,Cái,Khánh Hòa,2025-11-20 10:00,6.73,Trên lũ lịch sử,4.0,0.15,4.2,5.0,5.7,6.58,1986,109.13300323486328,12.5,,,,,,,,
River,71566,Ninh Hoà,Cái,Khánh Hòa,2025-11-20 11:00,6.73,Trên lũ lịch sử,4.0,0.15,4.2,5.0,5.7,6.58,1986,109.13300323486328,12.5,,,,,,,,
River,71566,Ninh Hoà,Cái,Khánh Hòa,2025-11-20 12:00,6.75,Trên lũ lịch sử,4.0,0.17,4.2,5.0,5.7,6.58,1986,109.13300323486328,12.5,,,,,,,,
River,71566,Ninh Hoà,Cái,Khánh Hòa,2025-11-20 13:00,6.76,Trên lũ lịch sử,4.0,0.18,4.2,5.0,5.7,6.58,1986,109.13300323486328,12.5,,,,,,,,
River,71566,Ninh Hoà,Cái,Khánh Hòa,2025-11-20 14:00,6.77,Trên lũ lịch sử,4.0,0.19,4.2,5.0,5.7,6.58,1986,109.13300323486328,12.5,,,,,,,,
River,71566,Ninh Hoà,Cái,Khánh Hòa,2025-11-20 15:00,6.77,Trên lũ lịch sử,4.0,0.19,4.2,5.0,5.7,6.58,1986,109.13300323486328,12.5,,,,,,,,
River,71566,Ninh Hoà,Cái,Khánh Hòa,2025-11-20 16:00,6.75,Trên lũ lịch sử,4.0,0.17,4.2,5.0,5.7,6.58,1986,109.13300323486328,12.5,,,,,,,,
River,71566,Ninh Hoà,Cái,Khánh Hòa,2025-11-20 17:00,6.74,Trên lũ lịch sử,4.0,0.16,4.2,5.0,5.7,6.58,1986,109.13300323486328,12.5,,,,,,,,
River,71566,Ninh Hoà,Cái,Khánh Hòa,2025-11-20 18:00,6.7,Trên lũ lịch sử,4.0,0.12,4.2,5.0,5.7,6.58,1986,109.13300323486328,12.5,,,,,,,,
River,71566,Ninh Hoà,Cái,Khánh Hòa,2025-11-20 19:00,6.64,Trên lũ lịch sử,4.0,0.06,4.2,5.0,5.7,6.58,1986,109.13300323486328,12.5,,,,,,,,
River,71566,Ninh Hoà,Cái,Khánh Hòa,2025-11-20 20:00,6.58,Trên lũ lịch sử,4.0,0.0,4.2,5.0,5.7,6.58,1986,109.13300323486328,12.5,,,,,,,,
River,71566,Ninh Hoà,Cái,Khánh Hòa,2025-11-20 21:00,6.52,Trên BĐ3,3.0,0.82,4.2,5.0,5.7,6.58,1986,109.13300323486328,12.5,,,,,,,,
River,71566,Ninh Hoà,Cái,Khánh Hòa,2025-11-20 22:00,6.5,Trên BĐ3,3.0,0.8,4.2,5.0,5.7,6.58,1986,109.13300323486328,12.5,,,,,,,,
River,71566,Ninh Hoà,Cái,Khánh Hòa,2025-11-20 23:00,6.47,Trên BĐ3,3.0,0.77,4.2,5.0,5.7,6.58,1986,109.13300323486328,12.5,,,,,,,,
River,71572,Tân Mỹ,Cái,Khánh Hoà,2025-11-15 01:00,33.36,Dưới BĐ1,0.0,-2.14,35.5,36.5,37.5,41.21,2003,108.81722259521484,11.713889122009277,,,,,,,,
River,71572,Tân Mỹ,Cái,Khánh Hoà,2025-11-15 07:00,33.31,Dưới BĐ1,0.0,-2.19,35.5,36.5,37.5,41.21,2003,108.81722259521484,11.713889122009277,,,,,,,,
River,71572,Tân Mỹ,Cái,Khánh Hoà,2025-11-15 13:00,33.27,Dưới BĐ1,0.0,-2.23,35.5,36.5,37.5,41.21,2003,108.81722259521484,11.713889122009277,,,,,,,,
River,71572,Tân Mỹ,Cái,Khánh Hoà,2025-11-15 19:00,33.32,Dưới BĐ1,0.0,-2.18,35.5,36.5,37.5,41.21,2003,108.81722259521484,11.713889122009277,,,,,,,,
River,71572,Tân Mỹ,Cái,Khánh Hoà,2025-11-16 01:00,33.36,Dưới BĐ1,0.0,-2.14,35.5,36.5,37.5,41.21,2003,108.81722259521484,11.713889122009277,,,,,,,,
River,71572,Tân Mỹ,Cái,Khánh Hoà,2025-11-16 07:00,33.3,Dưới BĐ1,0.0,-2.2,35.5,36.5,37.5,41.21,2003,108.81722259521484,11.713889122009277,,,,,,,,
River,71572,Tân Mỹ,Cái,Khánh Hoà,2025-11-16 13:00,33.28,Dưới BĐ1,0.0,-2.22,35.5,36.5,37.5,41.21,2003,108.81722259521484,11.713889122009277,,,,,,,,
River,71572,Tân Mỹ,Cái,Khánh Hoà,2025-11-16 19:00,33.4,Dưới BĐ1,0.0,-2.1,35.5,36.5,37.5,41.21,2003,108.81722259521484,11.713889122009277,,,,,,,,
River,71572,Tân Mỹ,Cái,Khánh Hoà,2025-11-17 01:00,35.88,Trên BĐ1,1.0,0.38,35.5,36.5,37.5,41.21,2003,108.81722259521484,11.713889122009277,,,,,,,,
River,71572,Tân Mỹ,Cái,Khánh Hoà,2025-11-17 02:00,36.85,Trên BĐ2,2.0,0.35,35.5,36.5,37.5,41.21,2003,108.81722259521484,11.713889122009277,,,,,,,,
River,71572,Tân Mỹ,Cái,Khánh Hoà,2025-11-17 03:00,37.31,Trên BĐ2,2.0,0.81,35.5,36.5,37.5,41.21,2003,108.81722259521484,11.713889122009277,,,,,,,,
River,71572,Tân Mỹ,Cái,Khánh Hoà,2025-11-17 04:00,37.6,Trên BĐ3,3.0,0.1,35.5,36.5,37.5,41.21,2003,108.81722259521484,11.713889122009277,,,,,,,,
River,71572,Tân Mỹ,Cái,Khánh Hoà,2025-11-17 05:00,37.81,Trên BĐ3,3.0,0.31,35.5,36.5,37.5,41.21,2003,108.81722259521484,11.713889122009277,,,,,,,,
River,71572,Tân Mỹ,Cái,Khánh Hoà,2025-11-17 06:00,37.9,Trên BĐ3,3.0,0.4,35.5,36.5,37.5,41.21,2003,108.81722259521484,11.713889122009277,,,,,,,,
River,71572,Tân Mỹ,Cái,Khánh Hoà,2025-11-17 07:00,38.15,Trên BĐ3,3.0,0.65,35.5,36.5,37.5,41.21,2003,108.81722259521484,11.713889122009277,,,,,,,,
River,71572,Tân Mỹ,Cái,Khánh Hoà,2025-11-17 08:00,38.27,Trên BĐ3,3.0,0.77,35.5,36.5,37.5,41.21,2003,108.81722259521484,11.713889122009277,,,,,,,,
River,71572,Tân Mỹ,Cái,Khánh Hoà,2025-11-17 09:00,38.82,Trên BĐ3,3.0,1.32,35.5,36.5,37.5,41.21,2003,108.81722259521484,11.713889122009277,,,,,,,,
River,71572,Tân Mỹ,Cái,Khánh Hoà,2025-11-17 10:00,39.23,Trên BĐ3,3.0,1.73,35.5,36.5,37.5,41.21,2003,108.81722259521484,11.713889122009277,,,,,,,,
River,71572,Tân Mỹ,Cái,Khánh Hoà,2025-11-17 12:00,38.83,Trên BĐ3,3.0,1.33,35.5,36.5,37.5,41.21,2003,108.81722259521484,11.713889122009277,,,,,,,,
River,71572,Tân Mỹ,Cái,Khánh Hoà,2025-11-17 13:00,38.56,Trên BĐ3,3.0,1.06,35.5,36.5,37.5,41.21,2003,108.81722259521484,11.713889122009277,,,,,,,,
River,71572,Tân Mỹ,Cái,Khánh Hoà,2025-11-17 14:00,38.37,Trên BĐ3,3.0,0.87,35.5,36.5,37.5,41.21,2003,108.81722259521484,11.713889122009277,,,,,,,,
River,71572,Tân Mỹ,Cái,Khánh Hoà,2025-11-17 15:00,38.28,Trên BĐ3,3.0,0.78,35.5,36.5,37.5,41.21,2003,108.81722259521484,11.713889122009277,,,,,,,,
River,71572,Tân Mỹ,Cái,Khánh Hoà,2025-11-17 16:00,38.12,Trên BĐ3,3.0,0.62,35.5,36.5,37.5,41.21,2003,108.81722259521484,11.713889122009277,,,,,,,,
River,71572,Tân Mỹ,Cái,Khánh Hoà,2025-11-17 17:00,37.78,Trên BĐ3,3.0,0.28,35.5,36.5,37.5,41.21,2003,108.81722259521484,11.713889122009277,,,,,,,,
River,71572,Tân Mỹ,Cái,Khánh Hoà,2025-11-17 18:00,37.56,Trên BĐ3,3.0,0.06,35.5,36.5,37.5,41.21,2003,108.81722259521484,11.713889122009277,,,,,,,,
River,71572,Tân Mỹ,Cái,Khánh Hoà,2025-11-17 19:00,37.16,Trên BĐ2,2.0,0.66,35.5,36.5,37.5,41.21,2003,108.81722259521484,11.713889122009277,,,,,,,,
River,71572,Tân Mỹ,Cái,Khánh Hoà,2025-11-17 20:00,36.88,Trên BĐ2,2.0,0.38,35.5,36.5,37.5,41.21,2003,108.81722259521484,11.713889122009277,,,,,,,,
River,71572,Tân Mỹ,Cái,Khánh Hoà,2025-11-17 21:00,36.79,Trên BĐ2,2.0,0.29,35.5,36.5,37.5,41.21,2003,108.81722259521484,11.713889122009277,,,,,,,,
River,71572,Tân Mỹ,Cái,Khánh Hoà,2025-11-17 22:00,36.64,Trên BĐ2,2.0,0.14,35.5,36.5,37.5,41.21,2003,108.81722259521484,11.713889122009277,,,,,,,,
River,71572,Tân Mỹ,Cái,Khánh Hoà,2025-11-17 23:00,36.44,Trên BĐ1,1.0,0.94,35.5,36.5,37.5,41.21,2003,108.81722259521484,11.713889122009277,,,,,,,,
River,71572,Tân Mỹ,Cái,Khánh Hoà,2025-11-18 01:00,36.34,Trên BĐ1,1.0,0.84,35.5,36.5,37.5,41.21,2003,108.81722259521484,11.713889122009277,,,,,,,,
River,71572,Tân Mỹ,Cái,Khánh Hoà,2025-11-18 03:00,36.2,Trên BĐ1,1.0,0.7,35.5,36.5,37.5,41.21,2003,108.81722259521484,11.713889122009277,,,,,,,,
River,71572,Tân Mỹ,Cái,Khánh Hoà,2025-11-18 05:00,36.11,Trên BĐ1,1.0,0.61,35.5,36.5,37.5,41.21,2003,108.81722259521484,11.713889122009277,,,,,,,,
River,71572,Tân Mỹ,Cái,Khánh Hoà,2025-11-18 07:00,36.03,Trên BĐ1,1.0,0.53,35.5,36.5,37.5,41.21,2003,108.81722259521484,11.713889122009277,,,,,,,,
River,71572,Tân Mỹ,Cái,Khánh Hoà,2025-11-18 09:00,35.96,Trên BĐ1,1.0,0.46,35.5,36.5,37.5,41.21,2003,108.81722259521484,11.713889122009277,,,,,,,,
River,71572,Tân Mỹ,Cái,Khánh Hoà,2025-11-18 11:00,35.93,Trên BĐ1,1.0,0.43,35.5,36.5,37.5,41.21,2003,108.81722259521484,11.713889122009277,,,,,,,,
River,71572,Tân Mỹ,Cái,Khánh Hoà,2025-11-18 13:00,36.34,Trên BĐ1,1.0,0.84,35.5,36.5,37.5,41.21,2003,108.81722259521484,11.713889122009277,,,,,,,,
River,71572,Tân Mỹ,Cái,Khánh Hoà,2025-11-18 15:00,36.44,Trên BĐ1,1.0,0.94,35.5,36.5,37.5,41.21,2003,108.81722259521484,11.713889122009277,,,,,,,,
River,71572,Tân Mỹ,Cái,Khánh Hoà,2025-11-18 17:00,36.64,Trên BĐ2,2.0,0.14,35.5,36.5,37.5,41.21,2003,108.81722259521484,11.713889122009277,,,,,,,,
River,71572,Tân Mỹ,Cái,Khánh Hoà,2025-11-18 19:00,36.78,Trên BĐ2,2.0,0.28,35.5,36.5,37.5,41.21,2003,108.81722259521484,11.713889122009277,,,,,,,,
River,71572,Tân Mỹ,Cái,Khánh Hoà,2025-11-18 21:00,36.83,Trên BĐ2,2.0,0.33,35.5,36.5,37.5,41.21,2003,108.81722259521484,11.713889122009277,,,,,,,,
River,71572,Tân Mỹ,Cái,Khánh Hoà,2025-11-18 23:00,36.86,Trên BĐ2,2.0,0.36,35.5,36.5,37.5,41.21,2003,108.81722259521484,11.713889122009277,,,,,,,,
River,71572,Tân Mỹ,Cái,Khánh Hoà,2025-11-19 01:00,36.49,Trên BĐ1,1.0,0.99,35.5,36.5,37.5,41.21,2003,108.81722259521484,11.713889122009277,,,,,,,,
River,71572,Tân Mỹ,Cái,Khánh Hoà,2025-11-19 03:00,36.4,Trên BĐ1,1.0,0.9,35.5,36.5,37.5,41.21,2003,108.81722259521484,11.713889122009277,,,,,,,,
River,71572,Tân Mỹ,Cái,Khánh Hoà,2025-11-19 05:00,36.37,Trên BĐ1,1.0,0.87,35.5,36.5,37.5,41.21,2003,108.81722259521484,11.713889122009277,,,,,,,,
River,71572,Tân Mỹ,Cái,Khánh Hoà,2025-11-19 07:00,36.35,Trên BĐ1,1.0,0.85,35.5,36.5,37.5,41.21,2003,108.81722259521484,11.713889122009277,,,,,,,,
River,71572,Tân Mỹ,Cái,Khánh Hoà,2025-11-19 09:00,36.35,Trên BĐ1,1.0,0.85,35.5,36.5,37.5,41.21,2003,108.81722259521484,11.713889122009277,,,,,,,,
River,71572,Tân Mỹ,Cái,Khánh Hoà,2025-11-19 11:00,36.64,Trên BĐ2,2.0,0.14,35.5,36.5,37.5,41.21,2003,108.81722259521484,11.713889122009277,,,,,,,,
River,71572,Tân Mỹ,Cái,Khánh Hoà,2025-11-19 13:00,37.15,Trên BĐ2,2.0,0.65,35.5,36.5,37.5,41.21,2003,108.81722259521484,11.713889122009277,,,,,,,,
River,71572,Tân Mỹ,Cái,Khánh Hoà,2025-11-19 14:00,37.64,Trên BĐ3,3.0,0.14,35.5,36.5,37.5,41.21,2003,108.81722259521484,11.713889122009277,,,,,,,,
River,71572,Tân Mỹ,Cái,Khánh Hoà,2025-11-19 15:00,37.75,Trên BĐ3,3.0,0.25,35.5,36.5,37.5,41.21,2003,108.81722259521484,11.713889122009277,,,,,,,,
River,71572,Tân Mỹ,Cái,Khánh Hoà,2025-11-19 16:00,37.96,Trên BĐ3,3.0,0.46,35.5,36.5,37.5,41.21,2003,108.81722259521484,11.713889122009277,,,,,,,,
River,71572,Tân Mỹ,Cái,Khánh Hoà,2025-11-19 17:00,38.2,Trên BĐ3,3.0,0.7,35.5,36.5,37.5,41.21,2003,108.81722259521484,11.713889122009277,,,,,,,,
River,71572,Tân Mỹ,Cái,Khánh Hoà,2025-11-19 18:00,38.59,Trên BĐ3,3.0,1.09,35.5,36.5,37.5,41.21,2003,108.81722259521484,11.713889122009277,,,,,,,,
River,71572,Tân Mỹ,Cái,Khánh Hoà,2025-11-19 19:00,39.0,Trên BĐ3,3.0,1.5,35.5,36.5,37.5,41.21,2003,108.81722259521484,11.713889122009277,,,,,,,,
River,71572,Tân Mỹ,Cái,Khánh Hoà,2025-11-19 20:00,39.18,Trên BĐ3,3.0,1.68,35.5,36.5,37.5,41.21,2003,108.81722259521484,11.713889122009277,,,,,,,,
River,71572,Tân Mỹ,Cái,Khánh Hoà,2025-11-19 21:00,39.29,Trên BĐ3,3.0,1.79,35.5,36.5,37.5,41.21,2003,108.81722259521484,11.713889122009277,,,,,,,,
River,71572,Tân Mỹ,Cái,Khánh Hoà,2025-11-19 22:00,39.29,Trên BĐ3,3.0,1.79,35.5,36.5,37.5,41.21,2003,108.81722259521484,11.713889122009277,,,,,,,,
River,71572,Tân Mỹ,Cái,Khánh Hoà,2025-11-19 23:00,39.13,Trên BĐ3,3.0,1.63,35.5,36.5,37.5,41.21,2003,108.81722259521484,11.713889122009277,,,,,,,,
River,71572,Tân Mỹ,Cái,Khánh Hoà,2025-11-20 01:00,39.3,Trên BĐ3,3.0,1.8,35.5,36.5,37.5,41.21,2003,108.81722259521484,11.713889122009277,,,,,,,,
River,71572,Tân Mỹ,Cái,Khánh Hoà,2025-11-20 02:00,39.55,Trên BĐ3,3.0,2.05,35.5,36.5,37.5,41.21,2003,108.81722259521484,11.713889122009277,,,,,,,,
River,71572,Tân Mỹ,Cái,Khánh Hoà,2025-11-20 03:00,40.05,Trên BĐ3,3.0,2.55,35.5,36.5,37.5,41.21,2003,108.81722259521484,11.713889122009277,,,,,,,,
River,71572,Tân Mỹ,Cái,Khánh Hoà,2025-11-20 04:00,40.25,Trên BĐ3,3.0,2.75,35.5,36.5,37.5,41.21,2003,108.81722259521484,11.713889122009277,,,,,,,,
River,71572,Tân Mỹ,Cái,Khánh Hoà,2025-11-20 05:00,39.64,Trên BĐ3,3.0,2.14,35.5,36.5,37.5,41.21,2003,108.81722259521484,11.713889122009277,,,,,,,,
River,71572,Tân Mỹ,Cái,Khánh Hoà,2025-11-20 06:00,39.07,Trên BĐ3,3.0,1.57,35.5,36.5,37.5,41.21,2003,108.81722259521484,11.713889122009277,,,,,,,,
River,71572,Tân Mỹ,Cái,Khánh Hoà,2025-11-20 07:00,38.86,Trên BĐ3,3.0,1.36,35.5,36.5,37.5,41.21,2003,108.81722259521484,11.713889122009277,,,,,,,,
River,71572,Tân Mỹ,Cái,Khánh Hoà,2025-11-20 08:00,38.63,Trên BĐ3,3.0,1.13,35.5,36.5,37.5,41.21,2003,108.81722259521484,11.713889122009277,,,,,,,,
River,71572,Tân Mỹ,Cái,Khánh Hoà,2025-11-20 09:00,38.58,Trên BĐ3,3.0,1.08,35.5,36.5,37.5,41.21,2003,108.81722259521484,11.713889122009277,,,,,,,,
River,71572,Tân Mỹ,Cái,Khánh Hoà,2025-11-20 10:00,38.17,Trên BĐ3,3.0,0.67,35.5,36.5,37.5,41.21,2003,108.81722259521484,11.713889122009277,,,,,,,,
River,71572,Tân Mỹ,Cái,Khánh Hoà,2025-11-20 11:00,38.02,Trên BĐ3,3.0,0.52,35.5,36.5,37.5,41.21,2003,108.81722259521484,11.713889122009277,,,,,,,,
River,71572,Tân Mỹ,Cái,Khánh Hoà,2025-11-20 12:00,37.95,Trên BĐ3,3.0,0.45,35.5,36.5,37.5,41.21,2003,108.81722259521484,11.713889122009277,,,,,,,,
River,71572,Tân Mỹ,Cái,Khánh Hoà,2025-11-20 13:00,37.9,Trên BĐ3,3.0,0.4,35.5,36.5,37.5,41.21,2003,108.81722259521484,11.713889122009277,,,,,,,,
River,71572,Tân Mỹ,Cái,Khánh Hoà,2025-11-20 14:00,37.82,Trên BĐ3,3.0,0.32,35.5,36.5,37.5,41.21,2003,108.81722259521484,11.713889122009277,,,,,,,,
River,71572,Tân Mỹ,Cái,Khánh Hoà,2025-11-20 15:00,37.78,Trên BĐ3,3.0,0.28,35.5,36.5,37.5,41.21,2003,108.81722259521484,11.713889122009277,,,,,,,,
River,71572,Tân Mỹ,Cái,Khánh Hoà,2025-11-20 16:00,37.78,Trên BĐ3,3.0,0.28,35.5,36.5,37.5,41.21,2003,108.81722259521484,11.713889122009277,,,,,,,,
River,71572,Tân Mỹ,Cái,Khánh Hoà,2025-11-20 17:00,37.78,Trên BĐ3,3.0,0.28,35.5,36.5,37.5,41.21,2003,108.81722259521484,11.713889122009277,,,,,,,,
River,71572,Tân Mỹ,Cái,Khánh Hoà,2025-11-20 18:00,37.78,Trên BĐ3,3.0,0.28,35.5,36.5,37.5,41.21,2003,108.81722259521484,11.713889122009277,,,,,,,,
River,71572,Tân Mỹ,Cái,Khánh Hoà,2025-11-20 19:00,37.63,Trên BĐ3,3.0,0.13,35.5,36.5,37.5,41.21,2003,108.81722259521484,11.713889122009277,,,,,,,,
River,71572,Tân Mỹ,Cái,Khánh Hoà,2025-11-20 20:00,37.44,Trên BĐ2,2.0,0.94,35.5,36.5,37.5,41.21,2003,108.81722259521484,11.713889122009277,,,,,,,,
River,71572,Tân Mỹ,Cái,Khánh Hoà,2025-11-20 21:00,37.23,Trên BĐ2,2.0,0.73,35.5,36.5,37.5,41.21,2003,108.81722259521484,11.713889122009277,,,,,,,,
River,71572,Tân Mỹ,Cái,Khánh Hoà,2025-11-20 22:00,37.04,Trên BĐ2,2.0,0.54,35.5,36.5,37.5,41.21,2003,108.81722259521484,11.713889122009277,,,,,,,,
River,71572,Tân Mỹ,Cái,Khánh Hoà,2025-11-20 23:00,36.82,Trên BĐ2,2.0,0.32,35.5,36.5,37.5,41.21,2003,108.81722259521484,11.713889122009277,,,,,,,,
River,71567,Đồng Trăng,Cái,Khánh Hòa,2025-11-15 01:00,3.04,Dưới BĐ1,0.0,-4.96,8.0,9.5,11.0,13.42,2009,109.00700378417969,12.281999588012695,,,,,,,,
River,71567,Đồng Trăng,Cái,Khánh Hòa,2025-11-15 07:00,3.04,Dưới BĐ1,0.0,-4.96,8.0,9.5,11.0,13.42,2009,109.00700378417969,12.281999588012695,,,,,,,,
River,71567,Đồng Trăng,Cái,Khánh Hòa,2025-11-15 13:00,3.04,Dưới BĐ1,0.0,-4.96,8.0,9.5,11.0,13.42,2009,109.00700378417969,12.281999588012695,,,,,,,,
River,71567,Đồng Trăng,Cái,Khánh Hòa,2025-11-15 19:00,3.03,Dưới BĐ1,0.0,-4.97,8.0,9.5,11.0,13.42,2009,109.00700378417969,12.281999588012695,,,,,,,,
River,71567,Đồng Trăng,Cái,Khánh Hòa,2025-11-16 01:00,3.05,Dưới BĐ1,0.0,-4.95,8.0,9.5,11.0,13.42,2009,109.00700378417969,12.281999588012695,,,,,,,,
River,71567,Đồng Trăng,Cái,Khánh Hòa,2025-11-16 07:00,3.04,Dưới BĐ1,0.0,-4.96,8.0,9.5,11.0,13.42,2009,109.00700378417969,12.281999588012695,,,,,,,,
River,71567,Đồng Trăng,Cái,Khánh Hòa,2025-11-16 13:00,3.2,Dưới BĐ1,0.0,-4.8,8.0,9.5,11.0,13.42,2009,109.00700378417969,12.281999588012695,,,,,,,,
River,71567,Đồng Trăng,Cái,Khánh Hòa,2025-11-16 16:00,3.62,Dưới BĐ1,0.0,-4.38,8.0,9.5,11.0,13.42,2009,109.00700378417969,12.281999588012695,,,,,,,,
River,71567,Đồng Trăng,Cái,Khánh Hòa,2025-11-16 19:00,4.65,Dưới BĐ1,0.0,-3.35,8.0,9.5,11.0,13.42,2009,109.00700378417969,12.281999588012695,,,,,,,,
River,71567,Đồng Trăng,Cái,Khánh Hòa,2025-11-17 01:00,8.06,Trên BĐ1,1.0,0.06,8.0,9.5,11.0,13.42,2009,109.00700378417969,12.281999588012695,,,,,,,,
River,71567,Đồng Trăng,Cái,Khánh Hòa,2025-11-17 03:00,8.82,Trên BĐ1,1.0,0.82,8.0,9.5,11.0,13.42,2009,109.00700378417969,12.281999588012695,,,,,,,,
River,71567,Đồng Trăng,Cái,Khánh Hòa,2025-11-17 05:00,9.24,Trên BĐ1,1.0,1.24,8.0,9.5,11.0,13.42,2009,109.00700378417969,12.281999588012695,,,,,,,,
River,71567,Đồng Trăng,Cái,Khánh Hòa,2025-11-17 07:00,9.54,Trên BĐ2,2.0,0.04,8.0,9.5,11.0,13.42,2009,109.00700378417969,12.281999588012695,,,,,,,,
River,71567,Đồng Trăng,Cái,Khánh Hòa,2025-11-17 08:00,9.71,Trên BĐ2,2.0,0.21,8.0,9.5,11.0,13.42,2009,109.00700378417969,12.281999588012695,,,,,,,,
River,71567,Đồng Trăng,Cái,Khánh Hòa,2025-11-17 09:00,10.47,Trên BĐ2,2.0,0.97,8.0,9.5,11.0,13.42,2009,109.00700378417969,12.281999588012695,,,,,,,,
River,71567,Đồng Trăng,Cái,Khánh Hòa,2025-11-17 10:00,11.18,Trên BĐ3,3.0,0.18,8.0,9.5,11.0,13.42,2009,109.00700378417969,12.281999588012695,,,,,,,,
River,71567,Đồng Trăng,Cái,Khánh Hòa,2025-11-17 12:00,12.06,Trên BĐ3,3.0,1.06,8.0,9.5,11.0,13.42,2009,109.00700378417969,12.281999588012695,,,,,,,,
River,71567,Đồng Trăng,Cái,Khánh Hòa,2025-11-17 13:00,12.24,Trên BĐ3,3.0,1.24,8.0,9.5,11.0,13.42,2009,109.00700378417969,12.281999588012695,,,,,,,,
River,71567,Đồng Trăng,Cái,Khánh Hòa,2025-11-17 14:00,12.2,Trên BĐ3,3.0,1.2,8.0,9.5,11.0,13.42,2009,109.00700378417969,12.281999588012695,,,,,,,,
River,71567,Đồng Trăng,Cái,Khánh Hòa,2025-11-17 15:00,11.97,Trên BĐ3,3.0,0.97,8.0,9.5,11.0,13.42,2009,109.00700378417969,12.281999588012695,,,,,,,,
River,71567,Đồng Trăng,Cái,Khánh Hòa,2025-11-17 16:00,11.45,Trên BĐ3,3.0,0.45,8.0,9.5,11.0,13.42,2009,109.00700378417969,12.281999588012695,,,,,,,,
River,71567,Đồng Trăng,Cái,Khánh Hòa,2025-11-17 17:00,10.78,Trên BĐ2,2.0,1.28,8.0,9.5,11.0,13.42,2009,109.00700378417969,12.281999588012695,,,,,,,,
River,71567,Đồng Trăng,Cái,Khánh Hòa,2025-11-17 18:00,10.0,Trên BĐ2,2.0,0.5,8.0,9.5,11.0,13.42,2009,109.00700378417969,12.281999588012695,,,,,,,,
River,71567,Đồng Trăng,Cái,Khánh Hòa,2025-11-17 19:00,9.27,Trên BĐ1,1.0,1.27,8.0,9.5,11.0,13.42,2009,109.00700378417969,12.281999588012695,,,,,,,,
River,71567,Đồng Trăng,Cái,Khánh Hòa,2025-11-17 20:00,8.57,Trên BĐ1,1.0,0.57,8.0,9.5,11.0,13.42,2009,109.00700378417969,12.281999588012695,,,,,,,,
River,71567,Đồng Trăng,Cái,Khánh Hòa,2025-11-17 21:00,7.87,Dưới BĐ1,0.0,-0.13,8.0,9.5,11.0,13.42,2009,109.00700378417969,12.281999588012695,,,,,,,,
River,71567,Đồng Trăng,Cái,Khánh Hòa,2025-11-17 22:00,7.45,Dưới BĐ1,0.0,-0.55,8.0,9.5,11.0,13.42,2009,109.00700378417969,12.281999588012695,,,,,,,,
River,71567,Đồng Trăng,Cái,Khánh Hòa,2025-11-17 23:00,7.26,Dưới BĐ1,0.0,-0.74,8.0,9.5,11.0,13.42,2009,109.00700378417969,12.281999588012695,,,,,,,,
River,71567,Đồng Trăng,Cái,Khánh Hòa,2025-11-18 01:00,7.04,Dưới BĐ1,0.0,-0.96,8.0,9.5,11.0,13.42,2009,109.00700378417969,12.281999588012695,,,,,,,,
River,71567,Đồng Trăng,Cái,Khánh Hòa,2025-11-18 03:00,6.78,Dưới BĐ1,0.0,-1.22,8.0,9.5,11.0,13.42,2009,109.00700378417969,12.281999588012695,,,,,,,,
River,71567,Đồng Trăng,Cái,Khánh Hòa,2025-11-18 05:00,6.37,Dưới BĐ1,0.0,-1.63,8.0,9.5,11.0,13.42,2009,109.00700378417969,12.281999588012695,,,,,,,,
River,71567,Đồng Trăng,Cái,Khánh Hòa,2025-11-18 07:00,6.05,Dưới BĐ1,0.0,-1.95,8.0,9.5,11.0,13.42,2009,109.00700378417969,12.281999588012695,,,,,,,,
River,71567,Đồng Trăng,Cái,Khánh Hòa,2025-11-18 09:00,5.96,Dưới BĐ1,0.0,-2.04,8.0,9.5,11.0,13.42,2009,109.00700378417969,12.281999588012695,,,,,,,,
River,71567,Đồng Trăng,Cái,Khánh Hòa,2025-11-18 11:00,5.49,Dưới BĐ1,0.0,-2.51,8.0,9.5,11.0,13.42,2009,109.00700378417969,12.281999588012695,,,,,,,,
River,71567,Đồng Trăng,Cái,Khánh Hòa,2025-11-18 13:00,5.07,Dưới BĐ1,0.0,-2.93,8.0,9.5,11.0,13.42,2009,109.00700378417969,12.281999588012695,,,,,,,,
River,71567,Đồng Trăng,Cái,Khánh Hòa,2025-11-18 15:00,5.5,Dưới BĐ1,0.0,-2.5,8.0,9.5,11.0,13.42,2009,109.00700378417969,12.281999588012695,,,,,,,,
River,71567,Đồng Trăng,Cái,Khánh Hòa,2025-11-18 16:00,6.46,Dưới BĐ1,0.0,-1.54,8.0,9.5,11.0,13.42,2009,109.00700378417969,12.281999588012695,,,,,,,,
River,71567,Đồng Trăng,Cái,Khánh Hòa,2025-11-18 17:00,7.34,Dưới BĐ1,0.0,-0.66,8.0,9.5,11.0,13.42,2009,109.00700378417969,12.281999588012695,,,,,,,,
River,71567,Đồng Trăng,Cái,Khánh Hòa,2025-11-18 18:00,8.14,Trên BĐ1,1.0,0.14,8.0,9.5,11.0,13.42,2009,109.00700378417969,12.281999588012695,,,,,,,,
River,71567,Đồng Trăng,Cái,Khánh Hòa,2025-11-18 19:00,9.24,Trên BĐ1,1.0,1.24,8.0,9.5,11.0,13.42,2009,109.00700378417969,12.281999588012695,,,,,,,,
River,71567,Đồng Trăng,Cái,Khánh Hòa,2025-11-18 20:00,10.17,Trên BĐ2,2.0,0.67,8.0,9.5,11.0,13.42,2009,109.00700378417969,12.281999588012695,,,,,,,,
River,71567,Đồng Trăng,Cái,Khánh Hòa,2025-11-18 21:00,10.76,Trên BĐ2,2.0,1.26,8.0,9.5,11.0,13.42,2009,109.00700378417969,12.281999588012695,,,,,,,,
River,71567,Đồng Trăng,Cái,Khánh Hòa,2025-11-18 22:00,11.02,Trên BĐ3,3.0,0.02,8.0,9.5,11.0,13.42,2009,109.00700378417969,12.281999588012695,,,,,,,,
River,71567,Đồng Trăng,Cái,Khánh Hòa,2025-11-18 23:00,11.2,Trên BĐ3,3.0,0.2,8.0,9.5,11.0,13.42,2009,109.00700378417969,12.281999588012695,,,,,,,,
River,71567,Đồng Trăng,Cái,Khánh Hòa,2025-11-19 01:00,11.09,Trên BĐ3,3.0,0.09,8.0,9.5,11.0,13.42,2009,109.00700378417969,12.281999588012695,,,,,,,,
River,71567,Đồng Trăng,Cái,Khánh Hòa,2025-11-19 02:00,11.03,Trên BĐ3,3.0,0.03,8.0,9.5,11.0,13.42,2009,109.00700378417969,12.281999588012695,,,,,,,,
River,71567,Đồng Trăng,Cái,Khánh Hòa,2025-11-19 03:00,10.71,Trên BĐ2,2.0,1.21,8.0,9.5,11.0,13.42,2009,109.00700378417969,12.281999588012695,,,,,,,,
River,71567,Đồng Trăng,Cái,Khánh Hòa,2025-11-19 04:00,10.22,Trên BĐ2,2.0,0.72,8.0,9.5,11.0,13.42,2009,109.00700378417969,12.281999588012695,,,,,,,,
River,71567,Đồng Trăng,Cái,Khánh Hòa,2025-11-19 05:00,9.46,Trên BĐ1,1.0,1.46,8.0,9.5,11.0,13.42,2009,109.00700378417969,12.281999588012695,,,,,,,,
River,71567,Đồng Trăng,Cái,Khánh Hòa,2025-11-19 06:00,8.92,Trên BĐ1,1.0,0.92,8.0,9.5,11.0,13.42,2009,109.00700378417969,12.281999588012695,,,,,,,,
River,71567,Đồng Trăng,Cái,Khánh Hòa,2025-11-19 07:00,8.52,Trên BĐ1,1.0,0.52,8.0,9.5,11.0,13.42,2009,109.00700378417969,12.281999588012695,,,,,,,,
River,71567,Đồng Trăng,Cái,Khánh Hòa,2025-11-19 08:00,8.52,Trên BĐ1,1.0,0.52,8.0,9.5,11.0,13.42,2009,109.00700378417969,12.281999588012695,,,,,,,,
River,71567,Đồng Trăng,Cái,Khánh Hòa,2025-11-19 09:00,9.02,Trên BĐ1,1.0,1.02,8.0,9.5,11.0,13.42,2009,109.00700378417969,12.281999588012695,,,,,,,,
River,71567,Đồng Trăng,Cái,Khánh Hòa,2025-11-19 10:00,9.86,Trên BĐ2,2.0,0.36,8.0,9.5,11.0,13.42,2009,109.00700378417969,12.281999588012695,,,,,,,,
River,71567,Đồng Trăng,Cái,Khánh Hòa,2025-11-19 11:00,10.32,Trên BĐ2,2.0,0.82,8.0,9.5,11.0,13.42,2009,109.00700378417969,12.281999588012695,,,,,,,,
River,71567,Đồng Trăng,Cái,Khánh Hòa,2025-11-19 12:00,10.54,Trên BĐ2,2.0,1.04,8.0,9.5,11.0,13.42,2009,109.00700378417969,12.281999588012695,,,,,,,,
River,71567,Đồng Trăng,Cái,Khánh Hòa,2025-11-19 13:00,10.71,Trên BĐ2,2.0,1.21,8.0,9.5,11.0,13.42,2009,109.00700378417969,12.281999588012695,,,,,,,,
River,71567,Đồng Trăng,Cái,Khánh Hòa,2025-11-19 14:00,11.05,Trên BĐ3,3.0,0.05,8.0,9.5,11.0,13.42,2009,109.00700378417969,12.281999588012695,,,,,,,,
River,71567,Đồng Trăng,Cái,Khánh Hòa,2025-11-19 15:00,11.64,Trên BĐ3,3.0,0.64,8.0,9.5,11.0,13.42,2009,109.00700378417969,12.281999588012695,,,,,,,,
River,71567,Đồng Trăng,Cái,Khánh Hòa,2025-11-19 16:00,12.0,Trên BĐ3,3.0,1.0,8.0,9.5,11.0,13.42,2009,109.00700378417969,12.281999588012695,,,,,,,,
River,71567,Đồng Trăng,Cái,Khánh Hòa,2025-11-19 17:00,12.18,Trên BĐ3,3.0,1.18,8.0,9.5,11.0,13.42,2009,109.00700378417969,12.281999588012695,,,,,,,,
River,71567,Đồng Trăng,Cái,Khánh Hòa,2025-11-19 18:00,12.3,Trên BĐ3,3.0,1.3,8.0,9.5,11.0,13.42,2009,109.00700378417969,12.281999588012695,,,,,,,,
River,71567,Đồng Trăng,Cái,Khánh Hòa,2025-11-19 19:00,12.4,Trên BĐ3,3.0,1.4,8.0,9.5,11.0,13.42,2009,109.00700378417969,12.281999588012695,,,,,,,,
River,71567,Đồng Trăng,Cái,Khánh Hòa,2025-11-19 20:00,12.48,Trên BĐ3,3.0,1.48,8.0,9.5,11.0,13.42,2009,109.00700378417969,12.281999588012695,,,,,,,,
River,71567,Đồng Trăng,Cái,Khánh Hòa,2025-11-19 21:00,12.54,Trên BĐ3,3.0,1.54,8.0,9.5,11.0,13.42,2009,109.00700378417969,12.281999588012695,,,,,,,,
River,71567,Đồng Trăng,Cái,Khánh Hòa,2025-11-19 22:00,12.6,Trên BĐ3,3.0,1.6,8.0,9.5,11.0,13.42,2009,109.00700378417969,12.281999588012695,,,,,,,,
River,71567,Đồng Trăng,Cái,Khánh Hòa,2025-11-19 23:00,12.62,Trên BĐ3,3.0,1.62,8.0,9.5,11.0,13.42,2009,109.00700378417969,12.281999588012695,,,,,,,,
River,71567,Đồng Trăng,Cái,Khánh Hòa,2025-11-20 01:00,12.68,Trên BĐ3,3.0,1.68,8.0,9.5,11.0,13.42,2009,109.00700378417969,12.281999588012695,,,,,,,,
River,71567,Đồng Trăng,Cái,Khánh Hòa,2025-11-20 02:00,12.78,Trên BĐ3,3.0,1.78,8.0,9.5,11.0,13.42,2009,109.00700378417969,12.281999588012695,,,,,,,,
River,71567,Đồng Trăng,Cái,Khánh Hòa,2025-11-20 03:00,12.95,Trên BĐ3,3.0,1.95,8.0,9.5,11.0,13.42,2009,109.00700378417969,12.281999588012695,,,,,,,,
River,71567,Đồng Trăng,Cái,Khánh Hòa,2025-11-20 04:00,13.1,Trên BĐ3,3.0,2.1,8.0,9.5,11.0,13.42,2009,109.00700378417969,12.281999588012695,,,,,,,,
River,71567,Đồng Trăng,Cái,Khánh Hòa,2025-11-20 05:00,13.14,Trên BĐ3,3.0,2.14,8.0,9.5,11.0,13.42,2009,109.00700378417969,12.281999588012695,,,,,,,,
River,71567,Đồng Trăng,Cái,Khánh Hòa,2025-11-20 06:00,13.14,Trên BĐ3,3.0,2.14,8.0,9.5,11.0,13.42,2009,109.00700378417969,12.281999588012695,,,,,,,,
River,71567,Đồng Trăng,Cái,Khánh Hòa,2025-11-20 07:00,13.12,Trên BĐ3,3.0,2.12,8.0,9.5,11.0,13.42,2009,109.00700378417969,12.281999588012695,,,,,,,,
River,71567,Đồng Trăng,Cái,Khánh Hòa,2025-11-20 08:00,13.0,Trên BĐ3,3.0,2.0,8.0,9.5,11.0,13.42,2009,109.00700378417969,12.281999588012695,,,,,,,,
River,71567,Đồng Trăng,Cái,Khánh Hòa,2025-11-20 09:00,12.83,Trên BĐ3,3.0,1.83,8.0,9.5,11.0,13.42,2009,109.00700378417969,12.281999588012695,,,,,,,,
River,71567,Đồng Trăng,Cái,Khánh Hòa,2025-11-20 10:00,12.52,Trên BĐ3,3.0,1.52,8.0,9.5,11.0,13.42,2009,109.00700378417969,12.281999588012695,,,,,,,,
River,71567,Đồng Trăng,Cái,Khánh Hòa,2025-11-20 11:00,12.3,Trên BĐ3,3.0,1.3,8.0,9.5,11.0,13.42,2009,109.00700378417969,12.281999588012695,,,,,,,,
River,71567,Đồng Trăng,Cái,Khánh Hòa,2025-11-20 12:00,12.12,Trên BĐ3,3.0,1.12,8.0,9.5,11.0,13.42,2009,109.00700378417969,12.281999588012695,,,,,,,,
River,71567,Đồng Trăng,Cái,Khánh Hòa,2025-11-20 13:00,11.91,Trên BĐ3,3.0,0.91,8.0,9.5,11.0,13.42,2009,109.00700378417969,12.281999588012695,,,,,,,,
River,71567,Đồng Trăng,Cái,Khánh Hòa,2025-11-20 14:00,11.65,Trên BĐ3,3.0,0.65,8.0,9.5,11.0,13.42,2009,109.00700378417969,12.281999588012695,,,,,,,,
River,71567,Đồng Trăng,Cái,Khánh Hòa,2025-11-20 15:00,11.32,Trên BĐ3,3.0,0.32,8.0,9.5,11.0,13.42,2009,109.00700378417969,12.281999588012695,,,,,,,,
River,71567,Đồng Trăng,Cái,Khánh Hòa,2025-11-20 16:00,10.8,Trên BĐ2,2.0,1.3,8.0,9.5,11.0,13.42,2009,109.00700378417969,12.281999588012695,,,,,,,,
River,71567,Đồng Trăng,Cái,Khánh Hòa,2025-11-20 17:00,10.36,Trên BĐ2,2.0,0.86,8.0,9.5,11.0,13.42,2009,109.00700378417969,12.281999588012695,,,,,,,,
River,71567,Đồng Trăng,Cái,Khánh Hòa,2025-11-20 18:00,9.96,Trên BĐ2,2.0,0.46,8.0,9.5,11.0,13.42,2009,109.00700378417969,12.281999588012695,,,,,,,,
River,71567,Đồng Trăng,Cái,Khánh Hòa,2025-11-20 19:00,9.62,Trên BĐ2,2.0,0.12,8.0,9.5,11.0,13.42,2009,109.00700378417969,12.281999588012695,,,,,,,,
River,71567,Đồng Trăng,Cái,Khánh Hòa,2025-11-20 20:00,9.39,Trên BĐ1,1.0,1.39,8.0,9.5,11.0,13.42,2009,109.00700378417969,12.281999588012695,,,,,,,,
River,71567,Đồng Trăng,Cái,Khánh Hòa,2025-11-20 21:00,9.09,Trên BĐ1,1.0,1.09,8.0,9.5,11.0,13.42,2009,109.00700378417969,12.281999588012695,,,,,,,,
River,71567,Đồng Trăng,Cái,Khánh Hòa,2025-11-20 22:00,8.82,Trên BĐ1,1.0,0.82,8.0,9.5,11.0,13.42,2009,109.00700378417969,12.281999588012695,,,,,,,,
